4529.07,4504.94,4445.67,4375.41,4268.79,4149.77,4033.33,3890.46,3735.72,3594.8,3421.1,3234.32,3051.31,2842.13,2581.59,2431.32,2261.43,2124.33,1915.88,1748.36,1599.65,1383.45,1224.22,1081,934.181,795.708,686.372,565.178,477.356,387.449,307.613,250.749,215.282,148.321,88.5166,62.1353,48.3478,57.8391,72.6231,99.5054,153.407,219.06,273.999,362.886,472.47,605.036,749.567,920.636,1144.89,1323.52,1490.58,1631.01,1796.28,2050.06,2358.31,2606.94,2859.57,3134.4,3493.59,3839.16,4246.72,4495.89,4918.45,5345.14,5838.47,6317.19,6918.41,7090.85,7780.22,8218.5,8826.28,9507.55,10031.5,10639.4,11391.2,12182.9,12909.2,13590.5,14484,15073.4,16212,17114.9,18133.1,18941.6,19794,20532.9,21466.8,22068.5,22768.9,23894.6,24881.4,25970.4,27392.4,28704.7,29771.4,31190.6,32324.8,32750.3,34088,35828.9
0,4460.49,4391.83,4302.01,4191.22,4067.41,3930.62,3799.66,3640.68,3480.66,3301.36,3110.38,2967.07,2781.73,2596.43,2396.41,2170.21,1961.12,1783.41,1632.07,1429.31,1174.03,1072.55,906.178,792.291,646.858,527.552,412.57,314.179,234.661,163.993,111.066,65.972,31.8744,19.1829,20.3626,37.3457,63.8467,102.532,147.465,216.287,300.484,360.703,497.52,616.172,722.944,892.011,993.36,1181.43,1407.54,1548.23,1807.34,2092.95,2250.81,2571.07,2906.13,3140.23,3575.5,3939.92,4308.33,4838.59,5347.96,5860.06,6310.32,6860.32,7352.17,7964.94,8535.84,8983.25,9518.7,10150,10644.8,10987.5,11572.9,12460.8,13216.9,13904.3,14575.9,15135.1,16024.7,16474.4,17299.5,18158.3,19249,20366,21844.6,22650.7,23661.7,24517.7,25721.4,26677.8,27805.5,29312.7,30232.8,30689.4,31595.6,32664.2,33731,34720.9,35793.6
0,0,4307.11,4207.24,4094.46,3965.89,3816.16,3665.86,3495.59,3320.18,3168.93,2995.13,2843.24,2671.16,2454.45,2253.99,2089.61,1922.76,1737.2,1539.04,1407.83,1239.96,1071.49,912.543,760.077,608.385,500.305,444.692,332.813,230.652,158.175,104.34,80.484,51.2201,32.9176,26.2897,31.6357,56.3721,90.2141,167.716,223.319,323.229,419.277,533.328,671.856,768.852,939.883,1095.47,1399.64,1713.65,1960.11,2222.08,2489.72,2724.68,3086.53,3339.08,3724.97,3943.4,4368.45,4771.16,5205.01,5718.74,6065.43,6694.16,6929.3,7746.54,8033.33,8396.34,8579.45,9157.29,10111.9,10525.4,10993.9,11621.4,12081.4,12614.4,13503.8,14236.5,14916.6,16003.7,16761.2,17567.2,18455.5,19416.2,20135.9,21222.5,22478.7,23040.7,24262.4,25024.8,26036.6,27615.4,28395.5,29700.4,30052.7,30789.6,32214.1,32523,33629.4,34520.3
0,0,0,4086.69,3964.36,3826.99,3687.26,3523.1,3358.71,3178.8,3005.58,2765.97,2605.1,2456.03,2288.98,2123.23,1939.55,1798.59,1580.5,1413.71,1259.84,1088.11,957.856,789.384,702.532,558.675,488.436,384.852,268.373,183.155,127.467,90.792,47.6024,28.4904,31.195,40.782,69.7337,103.892,156.817,219.396,298.535,376.911,456.644,560.442,691.414,808.374,994.146,1248.53,1426.23,1621.56,1847.18,2097.57,2487.94,2850.2,3174.61,3451.99,3666.09,3974.29,4266.86,4732.86,5088.72,5535.13,6031.53,6877.77,7551.48,7917.57,8742.17,9274.6,9938.1,10209.9,11134.3,11629.2,12041.2,12708.7,13447.9,14339,14622.2,15014.9,15781,16596.7,17410.6,18420.6,19188.4,20038.1,21033.6,21974.3,22581.4,23533.5,24164.6,25205.2,25096.5,26403.7,26772.5,27366.3,27969.3,28494.1,29475,30996.9,31751.5,32582.9
0,0,0,0,3816.12,3677.05,3523.8,3374.69,3204.57,3024.61,2843.57,2670.73,2490.19,2276.04,2046.51,1902.79,1768.87,1607.47,1500.06,1296.68,1171.18,1042.97,865.615,705.157,585.635,485.502,380.293,306.883,219.427,148.542,101.886,58.1959,37.7097,18.6968,20.6668,37.3421,65.6783,110.29,162.531,231.181,334.758,444.278,582.728,705.236,936.19,1082.2,1194.13,1479.43,1694.79,1972.8,2076.62,2311.28,2453.17,2806.17,3107.93,3250.64,3577.11,4113.47,4590.35,4849.51,5236.97,5787.66,6346.48,6859.62,7458.69,8125.05,8810.85,9189.62,9689.7,10251.2,11036.9,11510.1,12173.2,12662.6,13317.4,14238.4,15109.6,15847.9,16838.3,17793.3,18589.7,19557.6,20301.1,20827.8,22175.4,23086.9,24485.7,25061.3,26006.9,27061.4,27841.6,29620.9,30247.8,30834,30391.9,31160.9,31761.6,32270,34080.8,34748.5
0,0,0,0,0,3504.53,3353.48,3191.24,3026.44,2856.04,2673.62,2505.18,2313.73,2138.22,1961.83,1770.78,1549.41,1370.73,1257.61,1132.5,1003.51,917.877,787.468,630.805,545.577,456.399,342.825,240.48,172.248,114.839,69.989,35.4011,26.7964,25.5296,37.901,56.1025,85.3769,147.939,195.354,274.756,366.622,488.927,633.952,767.623,930.75,1062,1224.33,1412.16,1664.32,1931.58,2123.11,2382.74,2729.01,3207.5,3426.67,3801.27,4049.93,4399.86,4711.48,5281.65,5753.43,6197.47,6504.87,6624.61,7145.46,7785.3,8157.74,8519.06,9320.38,9786.96,10846.2,11087.2,11353.2,12174.8,12876.6,14146.7,14891.2,15698.7,16733.8,17808.2,18581.5,19025.2,20006.1,20722,21918,22897.8,23657.8,24468.4,25675.3,26485.5,27617.8,28731.5,29016,29985.4,31207.3,32401.1,33530.6,34531.4,36185,36805.6
0,0,0,0,0,0,3167.1,3004.17,2835.75,2668.82,2501.89,2317.49,2135.01,1959.31,1783.36,1617.77,1449.73,1294.55,1100.79,923.217,795.861,711.367,597.494,503.285,428.511,363.027,258.158,197.513,139.159,103.803,55.2534,28.8385,21.1871,29.2174,57.8518,100.669,160.094,211.43,275.102,385.385,518.909,614.142,746.965,889.302,1004.82,1224.05,1421.59,1638.62,1885.87,2093.42,2416.23,2730.37,3018.04,3219.43,3506.94,3819.48,4214.8,4870.22,5022.71,5522.63,6122.54,6609.7,7383.58,7547.76,8106.89,8678.79,8937.61,9525.62,10033.5,10832.9,11693.1,12724.4,12966.6,12942.2,13432.5,14563,15586.6,15821.5,16612.1,17670.8,18565.9,19943.6,20831,21619.3,22185.8,22976.8,23711.9,25139.5,26336.4,27419.2,28104.5,29743.9,30661.3,32115.2,32117.5,33342.6,33946.6,35378,35738.9,37566.4
0,0,0,0,0,0,0,2809.1,2642.79,2471.68,2306.2,2140.96,1968.28,1797.42,1623.4,1462.45,1293.81,1153.62,1001.32,880.554,727.127,586.507,458.329,374.495,304.913,228.403,173.169,128.524,105.149,56.9492,32.9571,18.727,21.2505,33.4526,59.6484,113.248,196.023,257.609,364.777,514.649,636.255,755.704,902.801,1059.66,1184.85,1423.4,1651.02,1932.97,2084.27,2298,2634.87,2753.75,3151.46,3387.58,3886.75,4183.37,4665.35,4958.93,5412.38,6005.56,6380.12,6780.69,7226.2,7626.89,7955.37,9078.62,9142.62,9856.83,10540.3,11349.1,12273.4,13065.8,13557.7,14284.9,14842.4,15583.7,16655.2,16836.1,17519.8,18949.2,20229.3,21354.9,21929.4,21883.1,22473.8,23027.9,23861,24939.6,25118.3,26538.7,27301.4,28056.7,29788,30993.5,32060.1,33097.9,34195.9,34464.7,35132,37475.4
0,0,0,0,0,0,0,0,2445.94,2282.21,2111.43,1944.27,1788.79,1623.46,1464.99,1301.44,1148.43,1002.28,863.563,752.196,609.939,515.125,416.359,296.098,210.848,145.334,103.254,72.5625,38.6755,26.0865,19.3777,23.4939,38.3758,66.9326,106.002,148.256,208.611,284.175,364.353,535.018,690.788,881.767,1078.16,1311.64,1532.06,1741.86,1923.87,2156.13,2338.17,2498.92,2908.21,3193.78,3571.06,3888.82,4138.56,4549.51,5000.07,5127.76,5659.8,6086.65,6815.14,7314.44,7626.05,8166.29,8793.27,9466.69,10124.6,10855.6,11501.4,12050.8,12430,12760.5,13532.7,14486.5,14956,16097.8,17126,18355.9,19494.7,20307.9,21332.1,22168,22554,23251.5,23959.3,25037.3,25978.9,26671.9,27297.3,28633.3,29855.4,30722.9,32380.7,32324.4,32920.7,34056.9,35485.3,35287.2,36129.5,37164.9
0,0,0,0,0,0,0,0,0,2088.23,1925.72,1761.16,1601.85,1452.81,1303.33,1152.87,1020.74,869.746,742.786,620.322,505.765,416.255,318.929,238.888,182.682,114.648,61.7259,33.349,20.9799,20.6239,28.2809,53.4418,73.5422,128.696,166.954,232.109,300.592,417.926,517.433,635.033,754.445,871.974,1068.32,1273.18,1544.54,1879.63,2120.38,2476.75,2738.37,3234.43,3476,3809.42,4051.13,4331.06,4724.73,4932.63,5562.09,5889.73,6449.3,6857.48,7269.85,7931.64,8368.44,9069.95,9243.27,10128.4,10946.1,11646.6,12259.2,12670.2,13347.5,14143.1,14639.9,15871.7,16525.4,17367.3,18136.8,19135.3,19816.2,20439.4,21105.5,22489.9,22733.5,23663.3,25521.1,26506.8,27525.7,28675.2,30092.6,31164.7,31423.3,32654.1,33841.3,34400.8,35295.2,36247,37795.2,39023,40525.6,42393.4
0,0,0,0,0,0,0,0,0,0,1741.23,1586.4,1431.31,1282.02,1143.63,1010.76,874.344,747.279,628.816,517.48,413.049,324.761,247.951,183.774,121.284,74.564,51.535,29.895,21.5986,35.2986,76.8105,111.547,141.691,198.433,273.913,352.512,424.427,558.226,641.993,776.229,946.817,1107.33,1318.59,1517.31,1714.15,1853.55,2144.75,2417.53,2775.59,3173.48,3584.24,4039.6,4441.05,4925.56,5476.12,5960.95,6273.74,6756.75,6972.65,7628.34,7963.47,8314.75,8994.91,9783.09,10132.8,10567.6,11182.8,11940.5,12710.1,13411.6,13878.7,14282.6,15282.4,16445.6,17463.9,18122.5,18625.6,19433.8,20466.3,21098.1,22064.7,24029.1,24532.1,25940.9,26427.4,27979.3,28775.5,29352.1,30255.4,31305.2,31996.2,32622.1,34355.6,36085.3,37181.4,38303.4,40137.5,41933.7,43069.3,43186.2
0,0,0,0,0,0,0,0,0,0,0,1414.45,1268.64,1126.57,991.016,864.231,748.9,632.166,522.677,425.535,332.58,255.512,183.782,128.438,83.0591,50.0143,29.4359,23.015,29.3507,48.2164,83.9919,140.803,212.616,346.036,401.043,471.592,595.356,711.964,865.924,922.289,1146.35,1298.16,1462.28,1669.34,1995.5,2220.16,2469.24,2782.79,3064.16,3254.81,3584.84,3847.68,4324.25,4859.39,5472.23,5993.84,6610.87,7033.68,7631.29,8382.91,9054.53,9497.46,9738.47,10221.3,10879.3,11422.7,12041.5,12668.7,13174.2,14228.7,14617,14918.6,16012.3,16977.3,17912.2,19057.1,19903.4,20128.7,20728.4,22124.9,23148,24478.3,24970.1,26205.7,27391.9,29069.6,29330,30085.1,31155.3,32751,34480.2,34945.6,35569.9,36409.4,38224.3,39209.8,39855.7,40781.2,41943.2,43900.4
0,0,0,0,0,0,0,0,0,0,0,0,1111.76,977.303,851.656,726.284,619.553,518.959,425.778,334.305,256.249,190.762,129.002,87.4878,52.6767,33.0613,25.427,29.6043,46.9003,87.8978,128.542,186.518,257.896,363.782,492.258,616.923,863.277,954.188,1044.83,1278.79,1431.68,1663.54,1749.26,1949.24,2281.4,2407.26,2676.22,3019.23,3421.41,3777.74,4011.29,4385.02,4761.35,5020.08,5490.93,5723.09,6370.13,6794.35,7455.27,8366.79,9047.04,9572.83,10151.9,11218.1,11917.9,12823.7,13012.8,13641.1,14026.1,14795.8,15388.3,16135.5,16948.8,17623.9,18555.3,19483.2,19991.6,20153,21358.1,23062.5,24015.6,25304.9,25731.2,27097.3,27338.1,28666.3,29993.3,30773.5,31572,33064.4,34542.3,35751.2,37013.5,38183,39410.1,40323.6,41135.6,43355.1,45319.4,45437.6
0,0,0,0,0,0,0,0,0,0,0,0,0,838.448,719.777,610.375,503.814,415.676,331.64,257.295,189.628,135.843,92.6739,56.1585,34.9692,28.0377,33.5216,49.5038,82.0006,124.485,182.163,264.175,359.485,432.158,560.978,693.054,860.91,1050.3,1294.2,1617.92,1762.93,1894.77,2171,2413.05,2659.9,2924.08,3056.8,3344.11,3700.39,3837.75,4318.02,4684.86,5175.2,5639.12,5957.82,6540.3,6933.6,7292.5,7642.5,8073.37,8567.32,9265.83,10000.4,11306,11870.3,12809.4,13253.9,14012.4,15312.3,16034.7,17072.6,17316,18066.8,18789.4,19201.7,20560.1,21084.4,22083.9,23000,24139.6,24475.7,25274.9,25835.3,25847.8,26815.9,28997.4,30577.4,31776.6,32512.6,33380.9,35248,34991.4,37054.7,37979.2,39043,39878.6,42166.4,42901.5,44898.6,46925.5
0,0,0,0,0,0,0,0,0,0,0,0,0,0,599.375,498.391,407.736,320.881,251.754,187.566,135.376,92.6028,58.7115,38.4773,29.6567,33.8092,49.4301,83.3734,128.781,184.528,257.614,341.138,428.709,569.796,711.596,851.227,991.179,1160.32,1375.11,1590.12,1867.6,2210.11,2616.38,2874.2,2939.35,3336.39,3621.86,3957.73,4267.17,4493.91,4826.75,5266.67,5432.19,5810.44,6318.9,6797.83,7356.82,7909.88,8215.99,9097.94,9488.55,10049.1,10415.9,11009.6,11335.9,12179.4,12852.3,13896.9,15167.6,16131.4,17092.8,17691.5,18335.9,20121.1,20861.2,22230.2,22734.8,23548.2,24026.5,24765,25630.6,26412.6,27106.6,28322.1,29312.7,30452.9,30369.2,31249.1,32081.5,32101.6,33160.3,34144,37456.8,38162.2,39428.7,40634.3,42179.9,42816.2,43541.4,46837.7
0,0,0,0,0,0,0,0,0,0,0,0,0,0,0,398.89,316.939,246.376,181.699,132.374,88.902,59.881,39.6355,30.4032,33.8168,50.2969,78.9008,123.652,181.776,254.493,343.953,437.799,548.943,664.508,809.576,983.993,1170.06,1349.93,1538.81,1807.93,2006.76,2304.79,2635.01,2941.69,3421.58,3890.63,4172,4288.79,4722.66,5062.51,5500.07,5783.11,6185.98,6408.85,6872.23,7373.86,7707.15,8137.83,8717.77,9289.99,9963,10634.8,11136.5,11740.6,12516.2,13011.7,13683.4,14363.6,14640.9,15417,16492.7,17310.2,18452,19698.5,20606.7,22023.5,22802.3,23744.9,25119,26550,27918.5,28911.8,29073.5,29727.7,30774.3,31240.7,32774.5,33359.5,34702.5,36199.8,37095.8,38048.2,38315.3,38321.8,39251.7,39456.1,40508.7,41856,43718.8,46315.5
0,0,0,0,0,0,0,0,0,0,0,0,0,0,0,0,239.897,178.447,129.013,87.4004,57.652,39.6427,31.3537,35.0699,51.218,79.848,123.027,173.739,243.174,330.185,433.107,546.8,675.773,806.698,975.715,1127.49,1326.92,1520.04,1786.76,2016.53,2244.39,2467.14,2867.43,3132.69,3458.38,3916.49,4279.71,4811.8,5365.56,5797.09,5860.24,6318.76,6845.6,7334.52,7768.74,8183.05,8550.58,8731.08,9371.26,9889.43,10351.4,11104.7,11628.1,12092.2,12902.2,13780.4,14272.9,15026.7,15817,16398.7,17272.2,18086.8,18549.7,19485.4,20193.8,21609.1,22489.3,24006.5,25592.9,26482.1,27454.5,28464.5,29572.5,31052.1,32691,34005.1,35427.7,34730.5,35995.8,36771,38131.9,38882.8,40313.1,41158.5,42594.2,43837.3,44643.3,46594.6,46447.3,47120.7
0,0,0,0,0,0,0,0,0,0,0,0,0,0,0,0,0,125.095,85.4397,57.7146,39.7191,33.1693,38.0126,54.0434,80.685,121.073,176.378,242.183,320.043,423.499,523.967,662.314,807.103,964.269,1138.51,1305.29,1517.7,1699.44,2001.5,2227.31,2532.88,2795,3052.82,3368.25,3758.01,4090.54,4449.57,4919.31,5387.57,5917.52,6427.96,6965.76,7665.06,7749.15,8206.19,8662.41,9154.76,9891.02,10283.7,10732.8,11230.1,11502.2,12429,13029.7,13382.7,14398.5,14974.5,15522.6,16653.1,17403.1,18133.5,18772.6,19633.9,20129.9,21180.5,22212.2,22917.3,23379.9,24485.9,25445.1,27379.2,28842.8,29976.8,31684.4,32461.4,33952.4,34787.4,36252,37328.6,39171.5,40746.4,42269,42948.4,43152.5,43861.7,45556.3,46867.8,47681.2,48936.4,50207.5
0,0,0,0,0,0,0,0,0,0,0,0,0,0,0,0,0,0,56.7887,39.9947,34.6682,40.9366,58.9181,86.5045,129.458,179.084,244.927,325.143,415.959,528.614,642.399,789.217,934.012,1112.84,1317.4,1496.89,1710.08,1923.82,2194.19,2431.06,2761.18,3051.95,3397.41,3732.04,4032.24,4371.85,4667.52,5260.17,5536.69,6089.3,6660.13,7122.87,7754.93,8270.71,9016.8,9756.59,9874.42,10194,10804.5,11369.5,12042.5,12675.5,13612.4,13767.8,14026.7,14579.1,15671.9,16214.6,16886.3,17863.5,18529.5,19305.2,20377.8,21491.5,21843.4,22768.1,23933.6,24486.8,25281.8,26478.7,27204.5,28244.1,29099,29764.9,31516.9,33739.4,34596.7,36036.3,37981.9,38935.2,40197.5,41596.2,43492.3,44484.5,47182.7,48907.4,49963.2,50994.2,51216.9,52272.6
0,0,0,0,0,0,0,0,0,0,0,0,0,0,0,0,0,0,0,36.579,43.6674,62.1923,93.1686,137.302,186.564,254.89,334.816,424.059,524.934,641.514,783.533,923.707,1091.31,1267.09,1485.61,1703.14,1954.32,2176,2430.96,2655.39,3010.75,3345.22,3653.59,4020.7,4383.4,4761.88,5169.23,5463.28,5945.7,6388.6,6958.77,7382.16,7902.32,8656.11,9179.48,9896.69,10449.1,11197.6,12033.8,12292.9,12747.6,13468.8,13955.6,14665.5,15266.7,16051.8,16740.1,17203.2,17349.6,18230.6,19645.2,20232.9,21073.3,21817.3,22383,23596,24983.5,26204.9,26731.5,27638,28380.2,29418.4,29984.5,31125.9,32116.1,33402.3,33816.7,34915.2,36163.1,38033.4,40469.5,41991,43014.7,44740.9,46394.8,48101.5,49551,51350.8,52752.8,55136.5
0,0,0,0,0,0,0,0,0,0,0,0,0,0,0,0,0,0,0,0,66.6763,98.5821,141.132,197.093,268.351,344.701,433.383,539.447,653.655,786.134,936.702,1084.86,1272.28,1453.33,1689.13,1887.19,2150.73,2425.36,2716.59,3003.02,3302.04,3596.01,4009.04,4374.64,4684,5139.89,5583.75,6031.77,6476.96,6912.17,7350.23,7723.85,8295.48,8857.72,9484.71,10096.3,11018.8,11481.2,12189.5,13014.7,13689.8,14482,15071.7,15583,16110.2,17038.4,17752.9,18312.3,18923.9,20114,20620.7,21033.9,21356.9,22795.2,23502,24490,25442.3,26104.7,27019.4,28472.8,29840,31168.4,31785.5,32944.1,33764.1,34733.3,35067.1,36494.4,37190.2,38299.2,39389.7,40538.9,41278.7,43454,46123.6,47518.4,49927.1,51205.5,52105.8,54529.1
0,0,0,0,0,0,0,0,0,0,0,0,0,0,0,0,0,0,0,0,0,148.701,206.01,273.416,353.338,451.824,554.172,664.953,804.796,947.441,1107.83,1265.23,1458.97,1666.8,1902.22,2103.61,2389.06,2643.34,2955.27,3299.11,3608.49,3967.22,4299.13,4669.24,5131,5537.77,5887.24,6394.22,6866.18,7457.9,7928.49,8354.36,8774.21,9394.58,9898.29,10454.4,10938.1,11815,12548.8,13495.8,14020,14845.8,15928.2,16430.3,17474.4,17934,18552.4,19135.1,20301.8,20474,21933.3,22197.8,23382.4,23831,24508.2,25417.3,26103.4,27773.9,28491.1,29399.5,30448.7,31131.9,32398.8,33613.8,35200.8,36940.5,37211.4,37796.4,38631.6,39428.1,40053.8,42037.6,43490.3,44232.1,45346,46425.9,47193.6,49126.9,51450.3,53573.6
0,0,0,0,0,0,0,0,0,0,0,0,0,0,0,0,0,0,0,0,0,0,283.946,367.225,459.492,565.082,689.418,820.94,954.602,1117.77,1293.33,1469.11,1673.33,1893.78,2109.54,2368.27,2638.85,2925.65,3238.76,3524.02,3908.44,4305.9,4676.02,5067.94,5425.34,5820.09,6335.75,6855.52,7180.09,7799.73,8279.35,8825.45,9394.7,10001.8,10545.8,10962.8,11715.1,12267.4,12863.7,13682.3,14599.6,15457.2,16358.7,17090.4,17864.2,18962.1,19474.8,20567.7,20942.3,21830.2,22332.7,23321.9,24248.4,25262.2,26262.4,26882.8,27664.3,28464.1,29388,30023,31235.2,32581.7,33679.7,34980.2,35827,36632.4,38268.9,39020.3,40997.6,42045.2,43315.7,44523.5,45283.4,46211.9,46629.4,48217.3,50744.4,51273.3,52562.6,53148.9
0,0,0,0,0,0,0,0,0,0,0,0,0,0,0,0,0,0,0,0,0,0,0,473.121,582.375,701.811,832.519,983.078,1140.25,1304.99,1485.79,1691.55,1905.5,2131.88,2368.48,2625.91,2879.68,3227.39,3473.6,3875.85,4215.22,4566.73,4979.22,5421.03,5844.44,6278.54,6702.13,7082.99,7674.89,8290.22,8641.09,9226.88,9808.94,10410.7,11077.6,11731.7,12379.6,12734.2,13587.1,14303.9,14847.3,15541.3,16720.2,17627.8,18594,19392.1,20242.9,21198.5,22279.6,22821.7,23914.5,24678.7,25430.7,25999.9,26761.6,28003.4,28615.6,29737.3,30615.4,31354.8,32587.6,33354.4,34326.4,35030.6,36819.1,37791.9,38885,40253.8,41244.4,42079.7,43648.6,44611.1,46518,48000.8,49710.2,50403.2,51630.8,52875.6,53556.6,54815.4
0,0,0,0,0,0,0,0,0,0,0,0,0,0,0,0,0,0,0,0,0,0,0,0,716.963,852.827,998.795,1156.29,1336.51,1524.48,1712.42,1912.33,2160.85,2412.49,2641.76,2916.11,3199.65,3509.37,3797.08,4195.16,4499.17,4960.71,5297.06,5732.01,6178.88,6704.63,7123.52,7631.37,8100.37,8530.75,9127.17,9806.77,10312,10868.2,11506.6,12059.5,12890.8,13599.1,14183.1,14813.3,15405.5,16348.8,17303.1,17705.2,18462.9,19694.6,20680,21901,22847,23735.1,24684.1,25825.2,26491.7,27503,28281.9,29028.2,29784.7,30896.1,32408.3,32669.1,33952.9,34978.8,35236.1,36581.9,37476.4,38686,40001.1,40608.4,42791,43962.8,44906.9,46332.8,46791.4,47776.2,49556.5,50510.3,52513.2,54877.9,55936.8,56986.6
0,0,0,0,0,0,0,0,0,0,0,0,0,0,0,0,0,0,0,0,0,0,0,0,0,1015.88,1178.6,1351.35,1537.92,1739.31,1964.58,2182.29,2402.84,2667.72,2946.66,3222.68,3533.37,3835.97,4163.32,4490.64,4893.89,5312.79,5707.98,6183.38,6506.33,7001.21,7510.54,8120.52,8571.62,9127.75,9618.52,10144.2,10688.1,11526.7,12049.5,12729.3,13317.3,14019.4,14725.7,15621.8,16348.1,17113.5,17632.3,18463.2,19390.3,20263.2,20878.2,21615.2,23115.8,24152.7,25600.8,26550,27106.2,28441.5,29504.1,30368.8,31545.2,32482,32799.9,33556.4,34996.6,36607.3,37048,38083.5,39888.7,40387.9,41358.8,42294.1,43175.6,44483.5,45539.7,46267.7,47859.8,49618.1,50598.9,53234.4,53323,54393.4,55700.8,57187.1
0,0,0,0,0,0,0,0,0,0,0,0,0,0,0,0,0,0,0,0,0,0,0,0,0,0,1371.17,1561.48,1762.35,1976.51,2204.69,2461.07,2710.82,2966.64,3243.95,3559.67,3880.32,4186.34,4544.49,4891.25,5265.28,5634.03,6136.71,6465.63,7007.89,7541.6,7906.97,8453.11,8996.46,9680.43,10196,10776.5,11321.8,11895.1,12499.7,13312.8,14084.3,14755,15481.7,16095.5,16841.2,17852,18717.8,19353.7,20068.6,20589.6,21736.8,22693.9,23375.4,24459.5,25184.6,26390.9,27730.2,29168.8,30271.9,31715.1,32888.1,34334.6,34802.8,36128.1,37580.2,37530.3,38353.2,39111.9,41186,43213.3,43852.4,44547.1,45696.3,46709.2,47709.9,48659.9,49426.8,50601.3,51873,52825,54747.5,56427.4,57465.1,59506.6
0,0,0,0,0,0,0,0,0,0,0,0,0,0,0,0,0,0,0,0,0,0,0,0,0,0,0,1784.14,2003.23,2230.48,2473.89,2721.07,3020,3292.72,3575.68,3865.74,4225.32,4552.01,4913.77,5297.49,5675.68,6073.68,6491.54,6899.54,7429.3,7845.65,8420.69,8989.85,9439.5,9970.62,10624.7,11310.8,11913.9,12469.8,13076.5,13783.5,14406,15232.7,16067.7,16655.5,17622.1,18344,19183.6,19998.9,20889.2,21703.1,22542.4,23139,23917,25173.7,26010.6,26489.3,27730.3,28756.2,30033.7,32114.3,33442.6,34609.8,35888.3,36999.1,38279.4,39317.3,40535,41906,42178,43172.7,44556,45807.2,48208.3,48822.3,49776.3,50524.6,51378,52857,53763.9,55121.1,56589.2,57140.2,57910.6,59265.5
0,0,0,0,0,0,0,0,0,0,0,0,0,0,0,0,0,0,0,0,0,0,0,0,0,0,0,0,2255.44,2503.26,2761.11,3027.19,3307.54,3632.51,3933.83,4255.59,4563.25,4917.05,5309.64,5706.99,6107.79,6537.27,6939.91,7395.77,7811.19,8340.04,8903.49,9378.65,10064.3,10585.7,11043.9,11644,12420.6,13153.3,13747.8,14371.1,15001.6,15829.3,16466.5,17347,18182,19022.1,19917.9,20693.8,21683.3,22245.7,23517.1,24262.6,24806.3,25711.7,26381.3,27677.1,28719,29536.7,30465.4,31846.2,33060.9,34432.4,36014.7,37685.6,39226,40458.3,41902.9,42629,44365.2,46022.3,47369.6,48313.4,48265.3,49580.6,50500,52283.8,54368,55732.5,56145.1,57298.5,58549.4,60435.7,60633.2,62280.7
0,0,0,0,0,0,0,0,0,0,0,0,0,0,0,0,0,0,0,0,0,0,0,0,0,0,0,0,0,2785.94,3062.76,3352.96,3648.23,3950.81,4296.78,4645.72,4990.07,5326.59,5713.52,6138.32,6561.62,6985.93,7435.38,7887.03,8326.55,8816.44,9314.49,9890.22,10429.4,11096.7,11825.3,12376.1,12821.6,13517.7,14298.1,15097,15751.5,16316.1,17087,17954.4,18476,19376.3,20336.5,21234,22259.7,23031.6,23968.7,24800.1,25874.3,26734.6,27577,28533.3,29430.8,30260.7,31629.4,32733.3,33740.6,34706.8,35872.8,37227.6,38914,40611.6,42380.6,43999.4,45407.3,47411.8,47886.7,49384.1,51001.8,52434.9,53606.4,53427.6,53972.5,55639.4,56350.6,59013.3,60273.2,61525.5,62545.2,63644.4
0,0,0,0,0,0,0,0,0,0,0,0,0,0,0,0,0,0,0,0,0,0,0,0,0,0,0,0,0,0,3375.38,3679.96,4000.75,4324.58,4650.82,5018.19,5414.63,5766.25,6171.81,6548.62,7011.77,7487.73,7938.68,8365,8897.78,9389.7,9869.81,10407.7,10967.2,11559.7,12080.6,12870.3,13678.6,14216.3,14755.6,15423.7,16342.7,17093.5,17945.5,18566.3,19426.9,20266.3,20913.3,21784.1,22642.6,23445,24469.5,25607.3,26456.9,27462.1,28502.5,29636,30714.2,31484.2,32363.1,33469.6,34565.2,35758.7,37248.3,37892.4,39397.2,40587.2,42023.7,43843.6,45835.3,47596.7,50185.7,50844.1,52292.6,53190.2,55068.3,56515.1,57924.7,58886.6,60221.9,59553.3,60648.7,61937.7,64282.6,65693.9
0,0,0,0,0,0,0,0,0,0,0,0,0,0,0,0,0,0,0,0,0,0,0,0,0,0,0,0,0,0,0,4023.85,4355.81,4706.36,5056.6,5416.22,5809.95,6223.71,6615.49,7066.05,7469.59,7945.09,8468.57,8936.66,9476.2,9977.29,10485.1,11020,11572.7,12128.1,12774.3,13377.7,14082.8,14668,15615.3,16221,16889.5,17596.8,18562,19391.3,20270.1,20895.8,21687.9,22549.2,23334.1,24090,25118.8,26154.3,27215.2,28176,29256.9,30495.8,31376.6,32792.7,34035.4,34965.1,35759.4,36738.5,37766,39425.5,40670.4,41712.3,42761.2,44421.8,46231,47716.8,49650.1,51439.8,52682.4,55116.4,56422.2,57565,59156.1,60224.5,61982.9,64233.9,65165.8,66499.9,66682.1,67048.2
0,0,0,0,0,0,0,0,0,0,0,0,0,0,0,0,0,0,0,0,0,0,0,0,0,0,0,0,0,0,0,0,4731.62,5090.94,5467.85,5852.38,6248.92,6649.39,7095.36,7544.25,7997.8,8453.68,8936.51,9489.77,9970.32,10544.6,11051.7,11687.6,12211.3,12712.9,13363.1,13939.2,14633.7,15214.9,16142.6,16802,17613.6,18316.7,18898.9,19744.8,20708.5,21648.2,22467.2,23348.7,24179,24939.1,25870.7,26685.5,27568.1,28914.8,30077.5,31048.4,32082,33365.8,34486.5,35848.2,37119.5,38481.9,39355.4,40161.2,41344.1,42475.4,43993.5,45393.5,46386.9,48123.6,49760.8,51587.9,53053.1,55116.1,57110.1,58159.2,60583.6,61666.1,62848.2,64796.1,66446.6,67866.5,69944.8,71781.3
0,0,0,0,0,0,0,0,0,0,0,0,0,0,0,0,0,0,0,0,0,0,0,0,0,0,0,0,0,0,0,0,0,5498.82,5884.28,6293.19,6710.28,7125.5,7562.27,8044.57,8543.5,9009.78,9489.46,9995.02,10563.1,11159.1,11691.5,12282,12887.8,13477.7,14074.2,14609.4,15263.1,15952.3,16638,17305.8,18203.4,19038.9,19961.3,20560.2,21163.1,22030.3,23300.4,24213.1,24938.2,25981.3,26780.6,27520.7,28825.1,29669.7,30453.3,31706.6,32913.7,33988.4,35441.9,36607,38055,39060.7,40452.6,42047.1,42892.9,43856,44927,45869.2,47630.7,49391.6,50944,51587.5,53161.2,54697.4,57121.3,58395.8,60588.3,62954.9,64286.5,66248,68303.1,69602.4,69954.6,73191.6
0,0,0,0,0,0,0,0,0,0,0,0,0,0,0,0,0,0,0,0,0,0,0,0,0,0,0,0,0,0,0,0,0,0,6325.76,6741.34,7179.21,7630.73,8078.48,8532.69,9050.53,9596.82,10045.2,10600.5,11112.1,11709.5,12346.7,12917.7,13584.7,14141.5,14835.1,15400.2,16029.6,16648.1,17382.1,18170.5,18812.4,19472.3,20431.1,21351.9,22332.9,22994.3,23730,24590.4,25878.5,26823.4,27585.5,28480.2,29500.4,30458.9,31807.7,32663.8,33240.9,34461.3,35861.6,37393.1,38582,39922.7,41173.5,42423.3,43970.2,45120.3,46629.4,47671.7,49012.3,50359.2,51391.3,52749.3,54788.3,56440.9,57139.4,58676.2,60352.3,62427,64489.7,66576.1,69193,70759.8,73051.9,75006.3
0,0,0,0,0,0,0,0,0,0,0,0,0,0,0,0,0,0,0,0,0,0,0,0,0,0,0,0,0,0,0,0,0,0,0,7212.62,7655.64,8126.02,8598.31,9075.89,9563.95,10115.6,10670.1,11205.7,11769.1,12305.3,12911.3,13592.6,14249,14851.3,15554.4,16162.9,16882.7,17455.7,18083.9,18803.4,19581.9,20440.3,21095.4,21915.5,22785.1,23890.7,24831.1,25543.5,26352.2,27193.1,28560,29437.7,30295.9,31298.6,32330.1,33008.7,34411.4,35613,36347.7,37508.1,39069.2,40814,41570.6,43403.1,44706.6,46172.1,47490.9,49021.1,50674.4,51927.5,53302.3,54808.8,55591.6,57208.7,58319.8,60436.5,62002.2,62508.7,64875.3,66528.2,68685.5,70808.5,72941.5,75571.9
0,0,0,0,0,0,0,0,0,0,0,0,0,0,0,0,0,0,0,0,0,0,0,0,0,0,0,0,0,0,0,0,0,0,0,0,8158.61,8627.44,9129.48,9642.4,10137.8,10663.9,11204.7,11791,12384.5,12992.8,13573.4,14197.1,14826.1,15632,16206.8,17005.5,17559.7,18342.5,19026.9,19721.4,20381.1,21188.9,22075.6,22774.8,23463.7,24459.4,25394.2,26388.1,27473.4,28279.4,29088.2,30106.2,31629.9,32591.4,33456.5,34300.8,35395.6,36114.3,37506.5,39111.8,40406.4,40850.2,42737.5,44177.4,45754.1,47192.6,48454.3,50059.5,51780.8,53382,54970.5,56647.5,57310.7,58628.8,60286.4,60749.8,62819.6,64759.6,66358.7,68214.6,68611,70951,72669.6,74730.3
0,0,0,0,0,0,0,0,0,0,0,0,0,0,0,0,0,0,0,0,0,0,0,0,0,0,0,0,0,0,0,0,0,0,0,0,0,9163.27,9661.1,10193.9,10731.9,11270.6,11813.1,12378.7,13002.5,13631.4,14209.4,14897.9,15485.4,16175,16928.3,17695.4,18351.4,19121.5,19824.2,20688.9,21281.6,22005.1,22846.5,23686.8,24589.6,25247,26044.2,27170.7,28041,29208.8,30288.9,31197.4,31906.3,33039.5,34657.7,35719.6,36484.2,37428.4,38600.6,39303.4,40998.4,42232.3,43693.2,44494.3,45411.9,47497,49041,50387.1,52132.9,53918,55694.5,56832.6,58426.7,60016.3,61283.3,62389.6,64018.9,65497.4,66205.7,67888.8,70454.3,71824.9,73546.9,75006.4
0,0,0,0,0,0,0,0,0,0,0,0,0,0,0,0,0,0,0,0,0,0,0,0,0,0,0,0,0,0,0,0,0,0,0,0,0,0,10227.2,10755.9,11311.2,11877.2,12447.6,13025.3,13628.2,14267.7,14969.3,15546,16229,16830.6,17614.5,18273.9,19133.7,19805.2,20674.7,21309.3,22178.7,22997.9,23756.7,24449,25356.7,26322.1,27210.1,27797.9,28828.8,29940.9,30822.4,31934.1,33187.4,34156.7,34875.7,36046.2,37843.5,38874.4,39780.2,41004,42072.7,42571.8,43855.5,45586.4,47094.8,47945.3,49255,50957.1,52848.8,54340.1,56062.8,57574.2,59239.7,61042.2,62301.6,63697,65635.2,66999.8,68293.3,69595.1,71405.7,72369.3,74026.6,75549.4
0,0,0,0,0,0,0,0,0,0,0,0,0,0,0,0,0,0,0,0,0,0,0,0,0,0,0,0,0,0,0,0,0,0,0,0,0,0,0,11350,11908.5,12489,13088.1,13691.2,14313,14926,15591.4,16305.7,16956,17632,18316.7,19021.8,19819.1,20638.2,21531.5,22298.3,23079.3,23843,24837.5,25554.9,26311.2,27000.5,27943.5,29071.8,29850.9,30735.2,31767.1,32809.9,33842.2,35058.4,36043,37268.9,38097.1,39304.2,41108.8,42629.1,43658.6,44559.6,45577.9,46244.2,47314.3,49395.9,50671.1,51864.1,52848.1,54621.2,56994,58448,60215.4,61556.6,63008.7,65356.7,67206.3,68657.6,70000.1,71170.6,72775.6,74006.2,75839.3,77552.2
0,0,0,0,0,0,0,0,0,0,0,0,0,0,0,0,0,0,0,0,0,0,0,0,0,0,0,0,0,0,0,0,0,0,0,0,0,0,0,0,12531.5,13124,13727.5,14354.5,14988.7,15630.3,16273.4,16947.4,17668,18407.6,19077.3,19862.5,20551.5,21402.4,22170.2,23188,23893.2,24865.8,25587.9,26483.8,27473.7,28207.4,29044.2,29792.1,30916.1,31915.5,32751.2,33633,34699.8,35836.3,36990,38269.2,39165.6,40471.5,41381.1,42840.2,44672.4,46303.4,47372.7,48228.9,49579.8,49993.8,50996.5,52483.3,54601,55989.6,57069.3,58668.1,60846.7,62207.5,64101.2,66069.3,67164.3,69526.6,71663.9,73236.3,74641.8,76464.1,77615.4,78862.6
0,0,0,0,0,0,0,0,0,0,0,0,0,0,0,0,0,0,0,0,0,0,0,0,0,0,0,0,0,0,0,0,0,0,0,0,0,0,0,0,0,13772.1,14395.6,15029,15691.2,16360.4,17005.7,17686.2,18397.4,19153,19955.6,20640.6,21345,22173.5,22999.6,23805.6,24802.5,25701.3,26589.4,27453.5,28248.6,29333.2,30137.5,30862.5,31711.9,32752.3,33741.3,34819.8,35573,36702.6,37821.6,38972.6,40131.2,41373,42262.6,44037.1,44980.9,45938.1,48107.1,49701.9,51214.1,52051.7,53384.3,53940.5,54928.8,56624,58262.7,60128.9,60459.2,62189.2,63915.1,66307.8,68007.1,69954.5,71427.2,72749.3,75937.8,77933.8,79936.6,80893.9
0,0,0,0,0,0,0,0,0,0,0,0,0,0,0,0,0,0,0,0,0,0,0,0,0,0,0,0,0,0,0,0,0,0,0,0,0,0,0,0,0,0,15072.3,15726.6,16382.9,17080.5,17770,18464.6,19139.1,19910.2,20666.1,21463,22207.3,22962.4,23746.8,24600,25527.6,26395.4,27470.3,28300.9,29367.3,30105.5,31054.2,32224.9,32938.3,33657.6,34579.8,35606.4,36765.4,37835.3,38593.4,39723.6,41099.3,42280.8,43510.3,44814,45957.3,47266.3,48591.8,49400.1,51827.1,53474.9,54985.8,56016.9,57338.5,58193.7,59077.9,60165.6,61952.8,63895.1,64945.4,65902.7,67949,70655.2,71723,73549.3,75851.6,77390.4,79513.3,82201.9
0,0,0,0,0,0,0,0,0,0,0,0,0,0,0,0,0,0,0,0,0,0,0,0,0,0,0,0,0,0,0,0,0,0,0,0,0,0,0,0,0,0,0,16431,17112.4,17799.9,18537.6,19247.3,19971.6,20678.7,21460.5,22203,23061.7,23887.8,24664.8,25467.2,26344.3,27282.9,28248.5,29203.6,30230.2,31196.8,32233.3,32981.8,34131.6,35057.5,35888.8,36490.9,37716.3,38836.1,40293.4,41177,41852,43143,44523.1,45949,47372.2,48385,49648.3,51104.2,52036.4,53386.2,55467,57390.1,59174.2,60441.7,61680.5,62535.7,63262,65125.8,66338,68166,69428.4,69853.4,71808.8,74242.2,76620.5,78076.7,80471.7,81637.1
0,0,0,0,0,0,0,0,0,0,0,0,0,0,0,0,0,0,0,0,0,0,0,0,0,0,0,0,0,0,0,0,0,0,0,0,0,0,0,0,0,0,0,0,17848.5,18559.5,19278,20025.1,20790.2,21544.2,22289,23072.1,23861.9,24751.2,25635.4,26375.8,27208.6,28090.1,29034,30033.1,31120.1,32143.1,33154.7,34165.6,35107.2,36033.3,37185.9,38060.8,38881.2,39813.1,41105.8,42135.4,43609.7,44430.2,45155.5,46800.3,48305.2,49434.6,50832.8,52104.7,53528.2,54752.6,55901.4,56955.7,59412.3,61378.8,63232.3,64520.4,65721.2,66913.6,67373,69056.5,70584.5,72093.7,73801.9,74608.3,75672.1,77667.7,80273.1,81742
0,0,0,0,0,0,0,0,0,0,0,0,0,0,0,0,0,0,0,0,0,0,0,0,0,0,0,0,0,0,0,0,0,0,0,0,0,0,0,0,0,0,0,0,0,19324.5,20067.5,20814.4,21596,22407.7,23162.4,23945.8,24722.3,25574.4,26437,27399.1,28233,29073.9,29969.1,30856.4,31986.7,32930.7,34021.7,35100,36115.9,37346.9,38023.1,39235.3,40429,41396.1,42188.1,42984.8,44333.3,45578,46965.2,48211.6,48923.9,50393.1,51844.8,52992.6,54770.4,55884.9,57203,58666.7,60037.8,60984.4,63483.9,65460.1,67185.9,68860.8,70239.6,71576,72157.4,73320.6,75470.9,76279.9,77718.6,79310.3,79986.4,81708.6
0,0,0,0,0,0,0,0,0,0,0,0,0,0,0,0,0,0,0,0,0,0,0,0,0,0,0,0,0,0,0,0,0,0,0,0,0,0,0,0,0,0,0,0,0,0,20858.8,21628.8,22414,23224.1,24044,24848.7,25661.3,26458.2,27331.4,28147.3,29166.6,30063.5,30988.5,31796.1,32793.2,33836.6,34874.5,36064.6,37174.3,38244.6,39369.1,40318.6,41374.6,42699.8,43780.1,44637.9,45339.8,46721.5,47862.3,49430.6,50797.4,51797.1,52709.2,54038.8,55637,56830.1,58496,59573.7,61271.2,62922.7,64302.5,65384.6,67320.5,70074.9,71718.9,73239.4,74613.7,76020,76856.4,77535.1,79386.6,81263.6,82589.7,83820.4
0,0,0,0,0,0,0,0,0,0,0,0,0,0,0,0,0,0,0,0,0,0,0,0,0,0,0,0,0,0,0,0,0,0,0,0,0,0,0,0,0,0,0,0,0,0,0,22451.4,23251,24071.8,24897.5,25785.4,26609.5,27435.1,28254.5,29188.4,30032.4,31013.4,32029.6,32941,33862,34776.1,35858,36877.4,37923.9,39210.2,40203.6,41333.1,42718.2,43534.9,44838.5,46126.9,47202.6,47956.9,48781.8,50500.7,51575,53136.3,54457.8,55387.7,56630.8,58063.5,59378.6,60945.3,62844,63847.9,65664,67155.6,68490.1,69654.2,71287,74415.4,75937.1,77854.1,79182.8,80742.4,81630.1,82418.3,84184.7,86177.9
0,0,0,0,0,0,0,0,0,0,0,0,0,0,0,0,0,0,0,0,0,0,0,0,0,0,0,0,0,0,0,0,0,0,0,0,0,0,0,0,0,0,0,0,0,0,0,0,24101.1,24935.9,25772.7,26637.2,27524,28418.3,29233.1,30097.4,31060.2,31974,32934.7,33968.8,34905.7,35835.3,36850.4,37803.3,38887.8,40030,41277,42412.2,43481,44862.5,46028.2,47185.4,48301.5,49500.7,50607.1,51731.7,52549.5,54211.9,55307.5,56771.9,57839.5,59225.2,60650.6,62332.8,63505.4,65230.7,67001.6,67655.7,69413.8,71288.6,72544.8,73933.3,75409.3,78057.5,80131.1,81612.9,83885.6,85050.9,86644.3,87233.2
0,0,0,0,0,0,0,0,0,0,0,0,0,0,0,0,0,0,0,0,0,0,0,0,0,0,0,0,0,0,0,0,0,0,0,0,0,0,0,0,0,0,0,0,0,0,0,0,0,25808.2,26667.1,27530.7,28424.8,29347.6,30271.5,31129.3,31988.8,32950.9,33966.7,34864.9,35993.2,36946.9,37951.3,38877.2,40030.4,41034.7,42120,43312.6,44553.2,45829.1,46849.7,48177.8,49194.9,50524.8,51915.4,53147.3,54263.6,55050.9,56223.5,57689.5,59075.2,60522,61673.4,63010.2,64677.9,66275.1,67490.4,69081,70900.2,71695.6,73347.4,75139.4,76848.7,78265.8,79494.4,81458.5,83522.8,85671.5,87562.1,88953.6
0,0,0,0,0,0,0,0,0,0,0,0,0,0,0,0,0,0,0,0,0,0,0,0,0,0,0,0,0,0,0,0,0,0,0,0,0,0,0,0,0,0,0,0,0,0,0,0,0,0,27572.5,28462.1,29339.7,30267,31219.9,32184.9,33148.5,34010.5,34941,35959.1,36885.6,37991,39160.8,40031.2,41102.7,42020.2,43253,44462.6,45596.7,46885.8,48263.9,49309.3,50648,52005.3,52959.6,54733.9,55850.6,57123,58158.6,58898.9,60459.6,61800.6,63096.2,64694.3,66099.1,67180.8,69052.8,70477.4,71940.9,73726.6,75383.8,76362.4,77776.3,79551.4,81215.6,82818.5,84168.2,85933.6,88241.5,90362.9
0,0,0,0,0,0,0,0,0,0,0,0,0,0,0,0,0,0,0,0,0,0,0,0,0,0,0,0,0,0,0,0,0,0,0,0,0,0,0,0,0,0,0,0,0,0,0,0,0,0,0,29392.4,30306.1,31215.9,32150.7,33127,34145.9,35154.8,36033.1,36966,38014.5,39038.6,40126.4,41263.8,42167,43276.4,44268.9,45467.1,46732.3,47842.9,49125.5,50336.4,51895.3,52783.2,54302.6,55685.3,57184.2,58485.8,59609.8,60607.7,61405.9,62586,64561.7,65746,67143.2,68904.5,70227.6,71439.2,73216.3,74867.1,75987.8,78179.3,79846.1,80477.9,82138.5,83468,85635.1,87287.8,89095.8,90912.9
0,0,0,0,0,0,0,0,0,0,0,0,0,0,0,0,0,0,0,0,0,0,0,0,0,0,0,0,0,0,0,0,0,0,0,0,0,0,0,0,0,0,0,0,0,0,0,0,0,0,0,0,31267.8,32209,33156.9,34127.1,35096.8,36166.4,37184.1,38144.8,39057.6,40104.9,41223.6,42175.6,43455.4,44489.6,45487.8,46609.6,47646.3,49045.5,50347.6,51408.5,52859.5,54175.4,55528.5,57148.9,58468.8,59689.5,61093.1,62392.4,63687.2,64798.2,65411.8,66741.8,68713.8,69783.5,71297.1,72941.4,74440.8,75733.5,77653.2,79370.7,80551.7,82479.7,84471.9,85015.5,86894.5,88207.1,90230.9,92164.2
0,0,0,0,0,0,0,0,0,0,0,0,0,0,0,0,0,0,0,0,0,0,0,0,0,0,0,0,0,0,0,0,0,0,0,0,0,0,0,0,0,0,0,0,0,0,0,0,0,0,0,0,0,33198.6,34167.8,35154.8,36138.5,37168.9,38242.7,39322,40334.8,41248.6,42346.2,43444.3,44458,45615.8,46826.9,47826.4,49011.7,50146.5,51162.8,52735.2,53843.9,55193.3,56482.5,58246.3,59229,61015.5,62118.7,63445.3,65052.3,66156.6,67630.1,68550.6,69478.2,70611.9,72769.9,74022.2,75518.1,77324.1,78764.3,80096.6,82049.3,83794.4,84977.3,86870.5,89358,89819.2,91635.9,93152.8
0,0,0,0,0,0,0,0,0,0,0,0,0,0,0,0,0,0,0,0,0,0,0,0,0,0,0,0,0,0,0,0,0,0,0,0,0,0,0,0,0,0,0,0,0,0,0,0,0,0,0,0,0,0,35184.6,36180,37197.7,38211.7,39262.9,40333.6,41478,42505.3,43482.7,44497.9,45677.3,46728,47874.1,49156.8,50250,51346.7,52486,53572,54937.1,56407.5,57547.3,59253.4,60575.9,62106.7,63327.9,64783.3,66041.8,67752.1,69183.1,70159,71641.3,72494.3,73586.1,74948.4,76820,78423.9,79915.9,81782.7,83242.1,84777.2,86349.5,88775.5,89541.5,91573.3,93724.5,94809.5
0,0,0,0,0,0,0,0,0,0,0,0,0,0,0,0,0,0,0,0,0,0,0,0,0,0,0,0,0,0,0,0,0,0,0,0,0,0,0,0,0,0,0,0,0,0,0,0,0,0,0,0,0,0,0,37224.3,38245.3,39290.6,40336.4,41386.8,42496.5,43666.1,44743.8,45783,46836.7,47979.5,49135.5,50290.6,51574.5,52717.2,53839.3,54915.6,56142.4,57322.3,58843.3,60359.6,61629.3,63176.5,64945.3,65639.3,67513.4,68680,70058.3,71931.9,73462.8,74570.4,76042.2,76970.2,78211.2,79780.6,81325.4,83051.6,84560.5,86153.6,87544.6,89436.3,91405.1,93447.8,94217,96322.6
0,0,0,0,0,0,0,0,0,0,0,0,0,0,0,0,0,0,0,0,0,0,0,0,0,0,0,0,0,0,0,0,0,0,0,0,0,0,0,0,0,0,0,0,0,0,0,0,0,0,0,0,0,0,0,0,39317.6,40364.5,41419,42504.7,43579.1,44729,45938.5,47110.6,48123.8,49164.5,50165.8,51562.8,52594.8,53972.8,55251.7,56400.3,57592.5,58690.5,59935.7,61505.8,63103,64215.5,65528.1,67056.9,68715.8,69783.6,71350.8,72715.5,74266.5,76095.9,77535,78534.4,80077.6,81012.1,82705,84149.8,86167.9,86949.9,88426.1,90654.1,92230.6,93924.7,95891,98163.1
0,0,0,0,0,0,0,0,0,0,0,0,0,0,0,0,0,0,0,0,0,0,0,0,0,0,0,0,0,0,0,0,0,0,0,0,0,0,0,0,0,0,0,0,0,0,0,0,0,0,0,0,0,0,0,0,0,41463.4,42534.3,43630.9,44733.4,45872.4,46996.2,48203.2,49448.9,50521.8,51511.9,52565.2,53970.7,55113,56574.6,57891.9,58959.6,60198.2,61247.5,62659.5,64029.9,65645.8,66907.6,67928.4,69487.2,71359,72524.1,74226,75746.3,77203,78934.4,80353.9,81911.2,83356.6,84152.7,85783.4,87380.3,88929.5,90656.1,91884,93311.3,95570.6,97043.5,98968.5
0,0,0,0,0,0,0,0,0,0,0,0,0,0,0,0,0,0,0,0,0,0,0,0,0,0,0,0,0,0,0,0,0,0,0,0,0,0,0,0,0,0,0,0,0,0,0,0,0,0,0,0,0,0,0,0,0,0,43661.6,44763.1,45875.2,47032.2,48183.1,49334.2,50569.4,51834.7,52971,53994.9,55258.8,56371.6,57757.8,58947.1,60372.9,61671.9,62897.7,64300.6,65512.9,66761.4,68094.6,69815.3,71037.7,72249.9,74009.7,75833.4,77040.8,78672.1,79999.2,81692,83434.5,84715,86302.2,87519.7,88688.6,89876.6,92033.2,93600.3,95680.3,96805.9,98319.6,100258
0,0,0,0,0,0,0,0,0,0,0,0,0,0,0,0,0,0,0,0,0,0,0,0,0,0,0,0,0,0,0,0,0,0,0,0,0,0,0,0,0,0,0,0,0,0,0,0,0,0,0,0,0,0,0,0,0,0,0,45911.5,47039.8,48182.1,49342.9,50520.5,51715.8,52968.1,54282.4,55451.7,56499.4,57824.4,58850.9,60271.7,61442.2,62987.9,64401.3,65844.6,67072.7,68278,69455.6,70817.5,72467.1,73993.7,75080.7,76532.6,78598.9,80025.3,81834.9,83222.8,84636.7,86585.4,88223,89188.5,90789.6,92164.8,93363.1,94677.3,97024.6,98493.1,100758,101998
0,0,0,0,0,0,0,0,0,0,0,0,0,0,0,0,0,0,0,0,0,0,0,0,0,0,0,0,0,0,0,0,0,0,0,0,0,0,0,0,0,0,0,0,0,0,0,0,0,0,0,0,0,0,0,0,0,0,0,0,48212.7,49375.8,50544.6,51732.8,52930.1,54142.6,55400.5,56707.8,58088,59251.6,60361.2,61490.4,62909.7,64122,65673.3,67262.3,68471.2,69875.4,71199.7,72288.8,73805.9,75086.1,76829.8,78355.4,79921.3,81174.1,83274.1,84643.7,86684.8,87794.7,89519.9,91795.2,92972.7,94149.5,95526.7,96625.5,98387.5,99689.8,101961,103306
0,0,0,0,0,0,0,0,0,0,0,0,0,0,0,0,0,0,0,0,0,0,0,0,0,0,0,0,0,0,0,0,0,0,0,0,0,0,0,0,0,0,0,0,0,0,0,0,0,0,0,0,0,0,0,0,0,0,0,0,0,50565,51759,52945.9,54156.5,55396.7,56638.6,57920.1,59262.1,60632.4,61872.3,62985.2,64294.4,65581.3,66886,68275.4,70004,71426.1,72514.2,73830.6,75211.9,76408.2,78152.6,79638,81521.6,82797.8,84342.6,85851.4,87894.9,89250.9,91161.5,92631.3,94574.6,96458.2,97354.9,98936.8,100405,101442,102824,104904
0,0,0,0,0,0,0,0,0,0,0,0,0,0,0,0,0,0,0,0,0,0,0,0,0,0,0,0,0,0,0,0,0,0,0,0,0,0,0,0,0,0,0,0,0,0,0,0,0,0,0,0,0,0,0,0,0,0,0,0,0,0,52967.8,54188.1,55404.4,56625.8,57908.6,59209.8,60454.7,61860.7,63239.9,64590.6,65790.6,67051.9,68172.6,69839.8,71177.1,72796.7,74238.8,75551.2,76674.1,78223.2,79521.1,81045,82780,84404.6,86092.6,87308.7,88939.8,90866.4,92332,94315.3,96005.6,97578,99784.3,101584,102367,103816,105600,106482
0,0,0,0,0,0,0,0,0,0,0,0,0,0,0,0,0,0,0,0,0,0,0,0,0,0,0,0,0,0,0,0,0,0,0,0,0,0,0,0,0,0,0,0,0,0,0,0,0,0,0,0,0,0,0,0,0,0,0,0,0,0,0,55420.7,56667.3,57917.9,59146.4,60481.7,61798,63124.8,64482.6,65928.5,67326.8,68497,69886.5,71140.4,72673.5,73958.9,75609.6,76868.2,78410.9,79930.6,81317,82561.4,84025.4,85765.7,87302.9,89065.2,90476.9,92214,93587.8,95490.6,97318.4,99463,100599,102460,105049,106755,107546,109302
0,0,0,0,0,0,0,0,0,0,0,0,0,0,0,0,0,0,0,0,0,0,0,0,0,0,0,0,0,0,0,0,0,0,0,0,0,0,0,0,0,0,0,0,0,0,0,0,0,0,0,0,0,0,0,0,0,0,0,0,0,0,0,0,57922.3,59195.5,60489.7,61757.7,63105.2,64447.1,65847.1,67193.8,68684.6,70116.2,71436.9,72879.8,74095.3,75528.9,76954.1,78287.4,80046.5,81468.3,82983.7,84163.8,86054.7,87179.9,88735.5,90580.5,92543.6,94053.8,95213.2,97112,98683.5,100462,102307,104720,105850,108139,110396,111818
0,0,0,0,0,0,0,0,0,0,0,0,0,0,0,0,0,0,0,0,0,0,0,0,0,0,0,0,0,0,0,0,0,0,0,0,0,0,0,0,0,0,0,0,0,0,0,0,0,0,0,0,0,0,0,0,0,0,0,0,0,0,0,0,0,60471.4,61772.9,63088.2,64415.7,65779.1,67123.5,68488.2,69984.5,71470.9,72867.5,74546.8,75759.3,77160.2,78473.9,79737.2,81113.7,82973.9,84521.1,85938.5,87662.2,88931.3,90556.4,91698.1,93639.6,95365.2,97094.9,98844.7,100279,102239,103570,105571,107493,109857,111108,113796
0,0,0,0,0,0,0,0,0,0,0,0,0,0,0,0,0,0,0,0,0,0,0,0,0,0,0,0,0,0,0,0,0,0,0,0,0,0,0,0,0,0,0,0,0,0,0,0,0,0,0,0,0,0,0,0,0,0,0,0,0,0,0,0,0,0,63069,64401.7,65734.8,67081.9,68458,69851.7,71245.9,72728.5,74234.1,75859.4,77316.4,78795,80099,81340,82657.3,84158.9,85838.2,87555.7,89105.4,90758.7,92059.4,93590.8,95299.7,96564.1,98532.8,100676,102089,103951,105332,107177,108794,110643,113191,114893
0,0,0,0,0,0,0,0,0,0,0,0,0,0,0,0,0,0,0,0,0,0,0,0,0,0,0,0,0,0,0,0,0,0,0,0,0,0,0,0,0,0,0,0,0,0,0,0,0,0,0,0,0,0,0,0,0,0,0,0,0,0,0,0,0,0,0,65713.8,67074.5,68440.9,69820.8,71168.2,72649.1,74117.6,75496.7,77150.7,78792,80184.2,81569.5,83012.8,84378.5,86017.1,87363.1,88787.9,90519.3,92170.9,93760.9,95336.6,97031.3,98413.4,100014,101577,103477,105554,107226,108436,110809,112474,114538,116044
0,0,0,0,0,0,0,0,0,0,0,0,0,0,0,0,0,0,0,0,0,0,0,0,0,0,0,0,0,0,0,0,0,0,0,0,0,0,0,0,0,0,0,0,0,0,0,0,0,0,0,0,0,0,0,0,0,0,0,0,0,0,0,0,0,0,0,0,68405.1,69792.4,71194.8,72588.8,73980.4,75460.3,76920,78491.4,80090.9,81671.2,83155.5,84503.4,86180.9,87472.7,89163,90385.7,92022,93607.7,95423.8,97008.7,98618,100088,101735,103350,105009,106900,108847,110526,112541,114118,116237,118050
0,0,0,0,0,0,0,0,0,0,0,0,0,0,0,0,0,0,0,0,0,0,0,0,0,0,0,0,0,0,0,0,0,0,0,0,0,0,0,0,0,0,0,0,0,0,0,0,0,0,0,0,0,0,0,0,0,0,0,0,0,0,0,0,0,0,0,0,0,71143.1,72556.2,73968.7,75404,76816.4,78341.2,79950.6,81376,82897.2,84575,86088.8,87597.5,89087.7,90508.7,92129.1,94013,95220.7,96727.1,98324.9,100114,101903,103330,105106,106883,108233,109886,112077,114202,115583,117278,119503
0,0,0,0,0,0,0,0,0,0,0,0,0,0,0,0,0,0,0,0,0,0,0,0,0,0,0,0,0,0,0,0,0,0,0,0,0,0,0,0,0,0,0,0,0,0,0,0,0,0,0,0,0,0,0,0,0,0,0,0,0,0,0,0,0,0,0,0,0,0,73926.3,75364.5,76812.6,78261.2,79696,81332.3,82871.3,84352.5,85902.9,87530.6,89214.5,90694.3,92189.5,93712.7,95302.5,97087.5,98748.3,99979.5,101873,103565,105397,107237,108590,110088,111917,113248,115349,117491,119532,121243
0,0,0,0,0,0,0,0,0,0,0,0,0,0,0,0,0,0,0,0,0,0,0,0,0,0,0,0,0,0,0,0,0,0,0,0,0,0,0,0,0,0,0,0,0,0,0,0,0,0,0,0,0,0,0,0,0,0,0,0,0,0,0,0,0,0,0,0,0,0,0,76754.8,78229.5,79716.9,81183.3,82705.8,84291,85828.6,87402.9,88909.2,90565.8,92236.3,93939.5,95412.7,97104.1,98407.6,100377,102035,103816,105320,107098,108725,110274,112179,113948,115375,116974,118513,120941,123126
0,0,0,0,0,0,0,0,0,0,0,0,0,0,0,0,0,0,0,0,0,0,0,0,0,0,0,0,0,0,0,0,0,0,0,0,0,0,0,0,0,0,0,0,0,0,0,0,0,0,0,0,0,0,0,0,0,0,0,0,0,0,0,0,0,0,0,0,0,0,0,0,79627.3,81131.4,82642.3,84197.7,85707.6,87267.9,88873.3,90417.3,92068,93577.9,95427.9,97057.9,98642.2,100325,102091,103324,105468,107064,108758,110455,112286,114071,116043,117321,119187,120642,122438,124013
0,0,0,0,0,0,0,0,0,0,0,0,0,0,0,0,0,0,0,0,0,0,0,0,0,0,0,0,0,0,0,0,0,0,0,0,0,0,0,0,0,0,0,0,0,0,0,0,0,0,0,0,0,0,0,0,0,0,0,0,0,0,0,0,0,0,0,0,0,0,0,0,0,82543.8,84073.9,85663.4,87211.7,88758.4,90254.7,92009.6,93667.7,95243.7,96881.1,98703.6,100490,102103,103774,105499,106701,108750,110699,112363,114084,115893,117458,119285,121541,123001,125097,126402
0,0,0,0,0,0,0,0,0,0,0,0,0,0,0,0,0,0,0,0,0,0,0,0,0,0,0,0,0,0,0,0,0,0,0,0,0,0,0,0,0,0,0,0,0,0,0,0,0,0,0,0,0,0,0,0,0,0,0,0,0,0,0,0,0,0,0,0,0,0,0,0,0,0,85502.6,87065.5,88678.7,90279.7,91845.9,93337.9,95037.2,96744.2,98492,100149,101864,103848,105555,107008,108951,110529,111991,114100,115851,117662,118999,120963,122783,125396,127000,128537
0,0,0,0,0,0,0,0,0,0,0,0,0,0,0,0,0,0,0,0,0,0,0,0,0,0,0,0,0,0,0,0,0,0,0,0,0,0,0,0,0,0,0,0,0,0,0,0,0,0,0,0,0,0,0,0,0,0,0,0,0,0,0,0,0,0,0,0,0,0,0,0,0,0,0,88504.7,90107,91757.6,93388.6,94956.9,96567.5,98265,100010,101724,103554,105282,107273,109045,110487,112313,114379,115657,117428,119644,121381,123339,125085,126992,128380,130935
0,0,0,0,0,0,0,0,0,0,0,0,0,0,0,0,0,0,0,0,0,0,0,0,0,0,0,0,0,0,0,0,0,0,0,0,0,0,0,0,0,0,0,0,0,0,0,0,0,0,0,0,0,0,0,0,0,0,0,0,0,0,0,0,0,0,0,0,0,0,0,0,0,0,0,0,91548.9,93178.8,94818.2,96492.6,98120.8,99726.6,101438,103304,105030,106824,108615,110611,112452,113956,115618,117774,119562,120869,122936,124994,126871,128479,130516,132465
0,0,0,0,0,0,0,0,0,0,0,0,0,0,0,0,0,0,0,0,0,0,0,0,0,0,0,0,0,0,0,0,0,0,0,0,0,0,0,0,0,0,0,0,0,0,0,0,0,0,0,0,0,0,0,0,0,0,0,0,0,0,0,0,0,0,0,0,0,0,0,0,0,0,0,0,0,94632.9,96273.6,97932.2,99604.1,101345,102960,104645,106568,108380,110094,111931,113775,115830,117675,119225,121156,123039,124617,126174,128519,130512,132270,134159
0,0,0,0,0,0,0,0,0,0,0,0,0,0,0,0,0,0,0,0,0,0,0,0,0,0,0,0,0,0,0,0,0,0,0,0,0,0,0,0,0,0,0,0,0,0,0,0,0,0,0,0,0,0,0,0,0,0,0,0,0,0,0,0,0,0,0,0,0,0,0,0,0,0,0,0,0,0,97756.9,99416.3,101115,102818,104594,106239,107904,109719,111706,113403,115400,117170,119261,121187,122602,124616,126701,128334,129830,131986,134211,135960
0,0,0,0,0,0,0,0,0,0,0,0,0,0,0,0,0,0,0,0,0,0,0,0,0,0,0,0,0,0,0,0,0,0,0,0,0,0,0,0,0,0,0,0,0,0,0,0,0,0,0,0,0,0,0,0,0,0,0,0,0,0,0,0,0,0,0,0,0,0,0,0,0,0,0,0,0,0,0,100921,102609,104327,106044,107827,109539,111317,113106,115042,116916,118694,120669,122689,124696,126241,128011,130237,132175,134095,135317,137594
0,0,0,0,0,0,0,0,0,0,0,0,0,0,0,0,0,0,0,0,0,0,0,0,0,0,0,0,0,0,0,0,0,0,0,0,0,0,0,0,0,0,0,0,0,0,0,0,0,0,0,0,0,0,0,0,0,0,0,0,0,0,0,0,0,0,0,0,0,0,0,0,0,0,0,0,0,0,0,0,104128,105827,107596,109342,111149,112935,114693,116456,118441,120344,122087,124239,126162,128256,129940,131392,133882,135802,137380,139447
0,0,0,0,0,0,0,0,0,0,0,0,0,0,0,0,0,0,0,0,0,0,0,0,0,0,0,0,0,0,0,0,0,0,0,0,0,0,0,0,0,0,0,0,0,0,0,0,0,0,0,0,0,0,0,0,0,0,0,0,0,0,0,0,0,0,0,0,0,0,0,0,0,0,0,0,0,0,0,0,0,107373,109094,110846,112686,114488,116305,117972,119940,121717,123810,125696,127555,129698,131835,133777,135307,137325,139626,141288
0,0,0,0,0,0,0,0,0,0,0,0,0,0,0,0,0,0,0,0,0,0,0,0,0,0,0,0,0,0,0,0,0,0,0,0,0,0,0,0,0,0,0,0,0,0,0,0,0,0,0,0,0,0,0,0,0,0,0,0,0,0,0,0,0,0,0,0,0,0,0,0,0,0,0,0,0,0,0,0,0,0,110657,112398,114205,116037,117837,119701,121484,123379,125167,127313,129165,131041,133095,135329,137435,139205,140719,143234
0,0,0,0,0,0,0,0,0,0,0,0,0,0,0,0,0,0,0,0,0,0,0,0,0,0,0,0,0,0,0,0,0,0,0,0,0,0,0,0,0,0,0,0,0,0,0,0,0,0,0,0,0,0,0,0,0,0,0,0,0,0,0,0,0,0,0,0,0,0,0,0,0,0,0,0,0,0,0,0,0,0,0,113978,115749,117565,119436,121256,123187,124992,126747,128748,130821,132872,134584,136617,138886,141171,142869,144438
0,0,0,0,0,0,0,0,0,0,0,0,0,0,0,0,0,0,0,0,0,0,0,0,0,0,0,0,0,0,0,0,0,0,0,0,0,0,0,0,0,0,0,0,0,0,0,0,0,0,0,0,0,0,0,0,0,0,0,0,0,0,0,0,0,0,0,0,0,0,0,0,0,0,0,0,0,0,0,0,0,0,0,0,117337,119138,120990,122888,124779,126716,128489,130404,132431,134258,136660,138428,140509,142803,145070,146960
0,0,0,0,0,0,0,0,0,0,0,0,0,0,0,0,0,0,0,0,0,0,0,0,0,0,0,0,0,0,0,0,0,0,0,0,0,0,0,0,0,0,0,0,0,0,0,0,0,0,0,0,0,0,0,0,0,0,0,0,0,0,0,0,0,0,0,0,0,0,0,0,0,0,0,0,0,0,0,0,0,0,0,0,0,120732,122564,124408,126371,128297,130237,132160,134060,135934,137833,140205,142384,144205,146297,148798
0,0,0,0,0,0,0,0,0,0,0,0,0,0,0,0,0,0,0,0,0,0,0,0,0,0,0,0,0,0,0,0,0,0,0,0,0,0,0,0,0,0,0,0,0,0,0,0,0,0,0,0,0,0,0,0,0,0,0,0,0,0,0,0,0,0,0,0,0,0,0,0,0,0,0,0,0,0,0,0,0,0,0,0,0,0,124161,126013,127901,129836,131827,133758,135800,137683,139648,141580,143529,146106,148013,150141
0,0,0,0,0,0,0,0,0,0,0,0,0,0,0,0,0,0,0,0,0,0,0,0,0,0,0,0,0,0,0,0,0,0,0,0,0,0,0,0,0,0,0,0,0,0,0,0,0,0,0,0,0,0,0,0,0,0,0,0,0,0,0,0,0,0,0,0,0,0,0,0,0,0,0,0,0,0,0,0,0,0,0,0,0,0,0,127626,129512,131427,133373,135401,137371,139530,141299,143427,145397,147285,149899,151781
0,0,0,0,0,0,0,0,0,0,0,0,0,0,0,0,0,0,0,0,0,0,0,0,0,0,0,0,0,0,0,0,0,0,0,0,0,0,0,0,0,0,0,0,0,0,0,0,0,0,0,0,0,0,0,0,0,0,0,0,0,0,0,0,0,0,0,0,0,0,0,0,0,0,0,0,0,0,0,0,0,0,0,0,0,0,0,0,131126,133048,134967,136972,139008,141014,143093,144952,147089,149154,151034,153648
0,0,0,0,0,0,0,0,0,0,0,0,0,0,0,0,0,0,0,0,0,0,0,0,0,0,0,0,0,0,0,0,0,0,0,0,0,0,0,0,0,0,0,0,0,0,0,0,0,0,0,0,0,0,0,0,0,0,0,0,0,0,0,0,0,0,0,0,0,0,0,0,0,0,0,0,0,0,0,0,0,0,0,0,0,0,0,0,0,134660,136616,138558,140564,142627,144673,146697,148784,150920,153109,154851
0,0,0,0,0,0,0,0,0,0,0,0,0,0,0,0,0,0,0,0,0,0,0,0,0,0,0,0,0,0,0,0,0,0,0,0,0,0,0,0,0,0,0,0,0,0,0,0,0,0,0,0,0,0,0,0,0,0,0,0,0,0,0,0,0,0,0,0,0,0,0,0,0,0,0,0,0,0,0,0,0,0,0,0,0,0,0,0,0,0,138228,140219,142152,144136,146228,148367,150438,152617,154634,156807
0,0,0,0,0,0,0,0,0,0,0,0,0,0,0,0,0,0,0,0,0,0,0,0,0,0,0,0,0,0,0,0,0,0,0,0,0,0,0,0,0,0,0,0,0,0,0,0,0,0,0,0,0,0,0,0,0,0,0,0,0,0,0,0,0,0,0,0,0,0,0,0,0,0,0,0,0,0,0,0,0,0,0,0,0,0,0,0,0,0,0,141830,143845,145809,147788,149896,152072,154184,156425,158403
0,0,0,0,0,0,0,0,0,0,0,0,0,0,0,0,0,0,0,0,0,0,0,0,0,0,0,0,0,0,0,0,0,0,0,0,0,0,0,0,0,0,0,0,0,0,0,0,0,0,0,0,0,0,0,0,0,0,0,0,0,0,0,0,0,0,0,0,0,0,0,0,0,0,0,0,0,0,0,0,0,0,0,0,0,0,0,0,0,0,0,0,145466,147509,149541,151516,153579,155816,157864,160150
0,0,0,0,0,0,0,0,0,0,0,0,0,0,0,0,0,0,0,0,0,0,0,0,0,0,0,0,0,0,0,0,0,0,0,0,0,0,0,0,0,0,0,0,0,0,0,0,0,0,0,0,0,0,0,0,0,0,0,0,0,0,0,0,0,0,0,0,0,0,0,0,0,0,0,0,0,0,0,0,0,0,0,0,0,0,0,0,0,0,0,0,0,149135,151217,153254,155297,157371,159580,161740
0,0,0,0,0,0,0,0,0,0,0,0,0,0,0,0,0,0,0,0,0,0,0,0,0,0,0,0,0,0,0,0,0,0,0,0,0,0,0,0,0,0,0,0,0,0,0,0,0,0,0,0,0,0,0,0,0,0,0,0,0,0,0,0,0,0,0,0,0,0,0,0,0,0,0,0,0,0,0,0,0,0,0,0,0,0,0,0,0,0,0,0,0,0,152838,154948,157038,159112,161185,163454
0,0,0,0,0,0,0,0,0,0,0,0,0,0,0,0,0,0,0,0,0,0,0,0,0,0,0,0,0,0,0,0,0,0,0,0,0,0,0,0,0,0,0,0,0,0,0,0,0,0,0,0,0,0,0,0,0,0,0,0,0,0,0,0,0,0,0,0,0,0,0,0,0,0,0,0,0,0,0,0,0,0,0,0,0,0,0,0,0,0,0,0,0,0,0,156572,158706,160836,162946,165006
0,0,0,0,0,0,0,0,0,0,0,0,0,0,0,0,0,0,0,0,0,0,0,0,0,0,0,0,0,0,0,0,0,0,0,0,0,0,0,0,0,0,0,0,0,0,0,0,0,0,0,0,0,0,0,0,0,0,0,0,0,0,0,0,0,0,0,0,0,0,0,0,0,0,0,0,0,0,0,0,0,0,0,0,0,0,0,0,0,0,0,0,0,0,0,0,160336,162494,164660,166783
0,0,0,0,0,0,0,0,0,0,0,0,0,0,0,0,0,0,0,0,0,0,0,0,0,0,0,0,0,0,0,0,0,0,0,0,0,0,0,0,0,0,0,0,0,0,0,0,0,0,0,0,0,0,0,0,0,0,0,0,0,0,0,0,0,0,0,0,0,0,0,0,0,0,0,0,0,0,0,0,0,0,0,0,0,0,0,0,0,0,0,0,0,0,0,0,0,164133,166319,168506
0,0,0,0,0,0,0,0,0,0,0,0,0,0,0,0,0,0,0,0,0,0,0,0,0,0,0,0,0,0,0,0,0,0,0,0,0,0,0,0,0,0,0,0,0,0,0,0,0,0,0,0,0,0,0,0,0,0,0,0,0,0,0,0,0,0,0,0,0,0,0,0,0,0,0,0,0,0,0,0,0,0,0,0,0,0,0,0,0,0,0,0,0,0,0,0,0,0,167962,170149
0,0,0,0,0,0,0,0,0,0,0,0,0,0,0,0,0,0,0,0,0,0,0,0,0,0,0,0,0,0,0,0,0,0,0,0,0,0,0,0,0,0,0,0,0,0,0,0,0,0,0,0,0,0,0,0,0,0,0,0,0,0,0,0,0,0,0,0,0,0,0,0,0,0,0,0,0,0,0,0,0,0,0,0,0,0,0,0,0,0,0,0,0,0,0,0,0,0,0,171821
